Pos,ID,Name,Link,Year,Author,Notes,Source,Type,Logo,R1 points,R1 Total,R1 Diff,R1 %,R1 Pos,R1 EnID,R1 En,R1 Grp,R1 Rep,R2 points,R2 total,R2 Diff,R2 %,R2 Pos,R2 Sup,R2 EnId,R2 En,R2 Grp,R3 points,R3 total,R3 Diff,R3 %,R3 Pos,R3 Sup,R3 EnId,R3 En,R3 Time,R3 Grp,R4 points,R4 total,R4 Diff,R4 %,R4 Pos,R4 Sup,R4 EnId,R4 En,R4 Time,R4 Grp
1,35,K√∂zmond√°s m√©mek,https://at.tumblr.com/tumbliveleje/ok%C3%A9-a-magyar-kozmondas-memek-a-legjobb-dolog-ma-a/adwmohp0mo5l,2019,alleskapot,2727,Tumblr,thread,üôà,69,100,38,69.00%,1,36,We love Budapest cikk,D,,53,90,16,58.89%,1,0,58,Seggszombat,A,81,164,-2,49.39%,1,1,37,Kossuth utc√°k,2023-03-27¬†18:00:00,D,,,0,0.00%,1,,3,Zoli a p√≥k,2023-03-29¬†16:00:00,
2,3,Zoli a p√≥k,https://www.tumblr.com/tumbliveleje/187979332854/van-egy-p%C3%B3kom-a-zoli?source=share&_branch_match_id=link-1160216660532004543,2015,hyperdunno,21355,Tumblr,text,üï∑Ô∏è,155,186,124,83.33%,1,4,P√∂rk√∂ltzab√°l√≥ nyanya,A,,128,149,107,85.91%,1,1,56,Mosogat√≥g√©p,A,100,130,70,76.92%,2,0,29,Mozambik,2023-03-24¬†18:00:00,A,,,0,0.00%,2,,35,K√∂zmond√°s m√©mek,2023-03-29¬†16:00:00,
3,79,Sk√≥ci√°ban m√°szni,https://www.tumblr.com/girlkoris/180652969701/ha-barki-skociaban-kirandul-vagy-maszik,2018,deadmanride,272,Tumblr,text,‚õ∞Ô∏è,34,67,1,50.75%,1,80,R√°kos lettem a threadt≈ël,H,,101,219,-17,46.12%,2,7,16,Kiszel T√ºnde napt√°r,P,66,169,-37,39.05%,2,4,66,Belekakkantottak,2023-03-24¬†22:00:00,S,,,0,0.00%,1,,37,Kossuth utc√°k,2023-03-29¬†20:00:00,
4,37,Kossuth utc√°k,https://at.tumblr.com/tumbliveleje/az-irrelev%C3%A1ns-k%C3%A9rd%C3%A9s-amire-megpr%C3%B3b%C3%A1ln%C3%A1m-keresni-a/564vr6vmkqhh,2019,sztivan/sztupy,950,Tumblr,text,üõ£Ô∏è,78,99,57,78.79%,1,38,Covid vers,C,,96,159,33,60.38%,1,2,61,Te gep√°rd,A,83,164,2,50.61%,2,8,35,K√∂zmond√°s m√©mek,2023-03-27¬†18:00:00,A,,,0,0.00%,2,,79,Sk√≥ci√°ban m√°szni,2023-03-29¬†20:00:00,
5,90,Esk√ºv≈ë,https://new-low.tumblr.com/post/161739292389,2017,new-low,1410,Tumblr,comic,üë∞,54,79,29,68.35%,2,89,Tonhalk√©p≈± cimbalmosbuzi,F,,133,250,16,53.20%,2,2,7,√ögy megbasztuk beszart,A,89,174,4,51.15%,2,2,23,V√°god faszim biztos nem,2023-03-25¬†16:00:00,A,,,0,0.00%,1,,1,Cingi a gekk√≥,2023-03-30¬†16:00:00,
6,1,Cingi a gekk√≥,https://www.tumblr.com/tumbliveleje/187979313354/az-a-j%C3%B3-tekn%C5%91s%C3%B6kben-hogy-ny%C3%A1ron-elvan-a-kertben?source=share&_branch_match_id=link-1160216426888299853,2015,eyszakaibusz/deadmanride,2569,Tumblr,text,ü¶é,123,177,69,69.49%,1,2,R√≥kafarok,A,,113,175,51,64.57%,1,4,8,Fav√°g√°s,A,183,363,3,50.41%,2,20,11,Faszf√ºty√ºr≈±,2023-03-26¬†16:00:00,A,,,0,0.00%,2,,90,Esk√ºv≈ë,2023-03-30¬†16:00:00,
7,21,IT k√°belez√©s,https://www.tumblr.com/tumbliveleje/188039535594/cser%C3%A9lik-n%C3%A1lunk-az-utp-k%C3%A1beleket?source=share&_branch_match_id=link-1160323397813536306,2017,ordogugyvedje,1625,Tumblr,text,üîå,92,133,51,69.17%,1,22,Biztos retrothread,B,,86,105,67,81.90%,1,0,19,Barilla a csomagtart√≥ban,A,104,149,59,69.80%,1,1,5,H√∫sleves,2023-03-24¬†20:00:00,A,,,0,0.00%,1,,47,90-es √©vek vid√©k,2023-03-30¬†20:00:00,
8,47,90-es √©vek vid√©k,https://at.tumblr.com/tumbliveleje/ez-vel%C5%91-nem-k%C3%A9rd%C3%A9s/by32kcrnr2o9,2021,tenykozleseim,273,Tumblr,thread,üëö,78,109,47,71.56%,1,48,Balekosz,C,,43,69,17,62.32%,1,0,50,Orsz√°gszlogen,A,54,99,9,54.55%,2,1,45,H√ºlyen√©vthread,2023-03-25¬†20:00:00,A,,,0,0.00%,2,,21,IT k√°belez√©s,2023-03-30¬†20:00:00,
9,71,Dinoszaurusz,https://www.tumblr.com/azazelm0rdant/89780380959/fi%C3%BAk-n%C3%A9ha-jobb-ha-nem-%C3%ADrtok,2014,mzsmckok,702,Tumblr,text,ü¶ï,74,78,70,94.87%,1,72,P√©nzkutya,C,,106,121,91,87.60%,1,0,53,Konditermi t√≠pusok,A,47,83,11,56.63%,2,0,87,Kakithread,2023-03-27¬†16:00:00,A,,,0,0.00%,1,,28,Lovas sz√≠nh√°z,2023-03-31¬†16:00:00,
10,28,Lovas sz√≠nh√°z,https://www.tumblr.com/tumbliveleje/189287146149/lovas-sz%C3%ADnh%C3%A1z-besz%C3%A1mol%C3%B3-ig%C3%A9nyes-video-kontenttel?source=share&_branch_match_id=link-1160322249098528554,2018,ciganyolga,705,Tumblr,text,üé†,90,154,26,58.44%,2,27,Norm√°lis polg√°ri l√°ny,B,,64,107,21,59.81%,1,1,82,Kurwa Union,A,60,118,2,50.85%,1,0,16,Kiszel T√ºnde napt√°r,2023-03-24¬†18:00:00,A,,,0,0.00%,2,,71,Dinoszaurusz,2023-03-31¬†16:00:00,
11,9,Zoli boh√≥c,https://www.tumblr.com/tumbliveleje/187979345484/milyen-lenne?source=share&_branch_match_id=link-1160319303476577979,2015,kakitunder,2427,Tumblr,text,ü§°,91,109,73,83.49%,1,10,Picsaf√ºst,B,,225,269,181,83.64%,1,2,92,Tumbli gr√°f,A,152,218,86,69.72%,1,2,32,Fotelthread,2023-03-26¬†20:00:00,A,,,0,0.00%,1,,39,Kisj√≥sz√°g,2023-03-31¬†20:00:00,
12,39,Kisj√≥sz√°g,https://at.tumblr.com/tumbliveleje/instantfollow-lassukmiboolelunk/0a4x9ip56z96,2018,subdimension,3743,Tumblr,text,üëΩ,73,105,41,69.52%,1,40,Rekl√°melhelyez√©s,D,,118,150,86,78.67%,1,0,51,Sikermell√©ny,A,69,115,23,60.00%,1,1,13,40 ezret,2023-03-27¬†20:00:00,A,,,0,0.00%,2,,9,Zoli boh√≥c,2023-03-31¬†20:00:00,
13,33,Actimel,https://at.tumblr.com/tumbliveleje/kleine-problem/vkoe7vc7513a,2019,csorbade/flyingmelone,809,Tumblr,thread,üçº,86,106,66,81.13%,1,34,Egyr√©szt a kurva any√°dat,C,,73,109,37,66.97%,1,1,76,√ìra a Moszkv√°n,A,110,192,28,57.29%,2,7,43,Tankcsapda m√©mek,2023-03-25¬†18:00:00,A,,,0,0.00%,1,,41,Tinky Winky,2023-04-01¬†16:00:00,
14,41,Tinky Winky,https://at.tumblr.com/tumbliveleje/azt-a-teletubbies-k%C3%A9pet-keresem/frldsd02fm4d,2014,mrbsny/akurvaanyadatbutters,5994,Facebook/Tumblr,international,üåû,136,184,88,73.91%,1,42,Szud√°ni roncs,A,,115,120,110,95.83%,1,2,70,P√©nzcsipesz,A,121,180,62,67.22%,2,4,25,56-os n≈ëk,2023-03-26¬†18:00:00,A,,,0,0.00%,2,,33,Actimel,2023-04-01¬†16:00:00,
15,66,Belekakkantottak,https://otthonzulles.tumblr.com/post/185820930350/otthonzulles-j%C3%B3-hely-ez-30-%C3%A9ve-sem-j%C3%A1rok?fbclid=IwAR3h4H6UkRnw9KY8nj2zIdpCMgV1UAIkc6kFIh2RFvUhDwLN3anF7Q2VnNs,2019,magnesesseg,181,Facebook,text,üí©,100,157,43,63.69%,2,65,Palacsintafityma,B,,63,97,29,64.95%,1,0,63,Kr√©mespin√°t,A,103,169,37,60.95%,1,1,79,Sk√≥ci√°ban m√°szni,2023-03-24¬†22:00:00,A,,,0,0.00%,1,,11,Faszf√ºty√ºr≈±,2023-04-01¬†20:00:00,
16,11,Faszf√ºty√ºr≈±,https://www.tumblr.com/tumbliveleje/187981483869/k%C3%A1ming%C3%A1ut?source=share&_branch_match_id=link-1160323168699680281,2015,kurtzcheimlany,17141,Tumblr,thread,üçä,101,119,83,84.87%,1,12,Popcorn,B,,100,126,74,79.37%,1,0,67,F√∂ldh√∂zbaszott torta,A,180,363,-3,49.59%,1,4,1,Cingi a gekk√≥,2023-03-26¬†16:00:00,P,,,0,0.00%,2,,66,Belekakkantottak,2023-04-01¬†20:00:00,
17,23,V√°god faszim biztos nem,https://www.tumblr.com/tumbliveleje/188209543439/v%C3%A1god-faszim-biztos-nem?source=share&_branch_match_id=link-1160323589329651239,2019,teaszunet,765,Tumblr,thread,,74,92,56,80.43%,1,24,Bring√°t flexszel,D,,118,197,39,59.90%,1,1,60,Kakis bikini,A,85,174,-4,48.85%,1,0,90,Esk√ºv≈ë,2023-03-25¬†16:00:00,X,,,,,,,,,,
18,43,Tankcsapda m√©mek,https://at.tumblr.com/tumbliveleje/cicanaci-pitkin100-baddesting/1q1wd84dw22s,2015,vadnyugat,1891,Tumblr,thread,,72,96,48,75.00%,1,44,Pure Fucking Marketing,D,,60,94,26,63.83%,1,0,78,Lem√°solt k√©pek,A,82,192,-28,42.71%,1,1,33,Actimel,2023-03-25¬†18:00:00,X,,,,,,,,,,
19,32,Fotelthread,https://www.tumblr.com/tumbliveleje/189772263139/egyetlen-egy-dolog-biztos-a-szud%C3%A1ni-%C3%A1lpuccsban?source=share&_branch_match_id=link-1160322571359487910,2019,markoferko,825,Tumblr,text,,150,275,25,54.55%,2,31,Stabil ribancok,A,,79,114,44,69.30%,1,1,73,Goran Bregovic,A,66,218,-86,30.28%,2,2,9,Zoli boh√≥c,2023-03-26¬†20:00:00,X,,,,,,,,,,
20,25,56-os n≈ëk,https://www.tumblr.com/tumbliveleje/188525371724/sokszor-hajlamosak-vagyunk-megfeledkezni-r%C3%B3la?source=share&_branch_match_id=link-1160321531025294852,2016,ebbolmilesz/borzaskata,2606,Tumblr,text,,93,125,61,74.40%,1,26,Cicanevek,B,,76,127,25,59.84%,1,1,86,R√°l√©pett egy migr√°ns,A,59,180,-62,32.78%,1,2,41,Tinky Winky,2023-03-26¬†18:00:00,X,,,,,,,,,,
21,16,Kiszel T√ºnde napt√°r,https://www.tumblr.com/tumbliveleje/188049892009/mert-%C3%A9n-igen-m%C3%A9g-j%C3%B3-hogy-itt-vagyok-nektek?source=share&_branch_match_id=link-1160323503589688521,2018,ciganyolga,719,Tumblr,text,,145,195,95,74.36%,2,15,Lush,A,,118,219,17,53.88%,1,1,79,Sk√≥ci√°ban m√°szni,A,58,118,-2,49.15%,2,1,28,Lovas sz√≠nh√°z,2023-03-24¬†18:00:00,X,,,,,,,,,,
22,13,40 ezret,https://www.tumblr.com/tumbliveleje/187979358639/szakadgat-eddig-csin%C3%A1ltam-40ezret-20perc-alatt?source=share&_branch_match_id=link-1160322982845875744,2015,szakadgat,680,Tumblr,text,,89,115,63,77.39%,1,14,Majdnem belefulladtam,C,,65,97,33,67.01%,1,0,17,Perszon√°l kontent,A,46,115,-23,40.00%,2,1,39,Kisj√≥sz√°g,2023-03-27¬†20:00:00,X,,,,,,,,,,
23,45,H√ºlyen√©vthread,https://at.tumblr.com/tumbliveleje/and-on-the-opposite-end-of-the/qlfzn5h9c802,2020,abszurdisztan,165297,Tumblr,thread,,57,88,26,64.77%,1,46,Filmc√≠mek,E,,86,161,11,53.42%,2,0,29,Mozambik,A,45,99,-9,45.45%,1,0,47,90-es √©vek vid√©k,2023-03-25¬†20:00:00,X,,,,,,,,,,
24,5,H√∫sleves,https://www.tumblr.com/tumbliveleje/187981474359/adiika69-baratom-az-alkohol?source=share&_branch_match_id=link-1160217615696659895,2016,sutiverzum,22851,Tumblr,thread,,128,153,103,83.66%,1,6,Megyematrica,A,,57,93,21,61.29%,1,0,31,Stabil ribancok,A,45,149,-59,30.20%,2,2,21,IT k√°belez√©s,2023-03-24¬†20:00:00,X,,,,,,,,,,
25,87,Kakithread,https://www.tumblr.com/akurvaanyadatbuttersofficial/690057810563776512/n%C3%A9ha-mikor-ilyen-szar-napom-van-mint-a-mai-arra,2019,csillogopicsavillanto,997,Tumblr,thread,,54,76,32,71.05%,1,88,K√ºldj k√©pet,E,,58,103,13,56.31%,2,0,84,Posts reaching Hunbli,A,36,83,-11,43.37%,1,0,71,Dinoszaurusz,2023-03-27¬†16:00:00,X,,,,,,,,,,
26,29,Mozambik,https://www.tumblr.com/tumbliveleje/189335811069/textmeme?source=share&_branch_match_id=link-1160322324839270309,2019,akurvaanyadatbutters/sugarpallos,292,Tumblr,text,,68,122,14,55.74%,1,30,1000 n√≥t,D,,75,161,-11,46.58%,1,5,45,H√ºlyen√©vthread,D,30,130,-70,23.08%,1,2,3,Zoli a p√≥k,2023-03-24¬†18:00:00,X,,,,,,,,,,
27,7,√ögy megbasztuk beszart,https://www.tumblr.com/tumbliveleje/187979350039/%C3%BAgy-megbasztuk-beszart?source=share&_branch_match_id=link-1160219190653617797,2014,retisonic,1318,Tumblr,text,,90,160,20,56.25%,1,8,Fav√°g√°s,C,,117,250,-16,46.80%,1,4,90,Esk√ºv≈ë,XD,,,,,,,,,,,,,,,,,,,,
28,60,Kakis bikini,https://www.tumblr.com/sunyisarkirokakepu/124446833068/sunyi-a-jotevo,2015,sunyisarkirokakepu,363,Tumblr,text,,61,81,41,75.31%,2,59,Ap√°tok fasz√°t,E,,79,197,-39,40.10%,2,1,23,V√°god faszim biztos nem,X,,,,,,,,,,,,,,,,,,,,
29,61,Te gep√°rd,https://www.tumblr.com/akurvaanyadatbuttersofficial/710441139319226368/fletchererwin-kissloofahs-reloaded,2022,lakotelepi-jamesdean,232,Tumblr,text,,53,95,11,55.79%,1,62,Ayahusacaf≈ëzel√©k,F,,63,159,-33,39.62%,2,0,37,Kossuth utc√°k,X,,,,,,,,,,,,,,,,,,,,
30,8,Fav√°g√°s,https://www.tumblr.com/tumbliveleje/188209602519/kapott-a-gyerek-egy-h%C3%A1rmast-sz%C3%B6veg%C3%A9rt%C3%A9sb%C5%91l-n%C3%A9zz%C3%BCk?source=share&_branch_match_id=link-1160219002635552429,2019,muszeresz,482,Tumblr,text,,70,160,-20,43.75%,2,7,√ögy megbasztuk beszart,P,32,62,175,-51,35.43%,2,4,1,Cingi a gekk√≥,X,,,,,,,,,,,,,,,,,,,,
31,86,R√°l√©pett egy migr√°ns,https://akurvaanyadatbuttersofficial.tumblr.com/post/121496646377/ralepett-tegnap-egy,2015,akurvaanyadatbutters/sugarpallos,23562,Tumblr,text,,48,75,21,64.00%,2,85,Weiler P√©ter,G,,51,127,-25,40.16%,2,1,25,56-os n≈ëk,X,,,,,,,,,,,,,,,,,,,,
32,84,Posts reaching Hunbli,https://at.tumblr.com/tumbliveleje/707489200171253760/cft9mj1t0v4h,2023,kaoszkutato,1517,Tumblr,international,,62,80,44,77.50%,2,83,Benei traktoron,D,,45,103,-13,43.69%,1,0,87,Kakithread,X,,,,,,,,,,,,,,,,,,,,
33,92,Tumbli gr√°f,https://at.tumblr.com/napszemuvegbe/soros-gy%C3%B6rgy-%C3%BCgyn%C3%B6kh%C3%A1l%C3%B3zata-leleplezve/mv3ypmoxyhgv,2018,napszemuvegbe,415,Tumblr,text,,41,64,18,64.06%,2,91,Ingatlankeres√©s,G,,44,269,-181,16.36%,2,0,9,Zoli boh√≥c,X,,,,,,,,,,,,,,,,,,,,
34,82,Kurwa Union,https://at.tumblr.com/tumbliveleje/no-for-real-i-love-the-recent-wave-of-hungarians/0iy5rw7tone9,2022,couleurlocale,1216,Tumblr,international,,41,71,11,57.75%,2,81,Z√°mb√≥ Jimmy eml√©khonlap,G,,43,107,-21,40.19%,2,2,28,Lovas sz√≠nh√°z,X,,,,,,,,,,,,,,,,,,,,
35,58,Seggszombat,https://at.tumblr.com/tumbliveleje/704109454296317952/lme2vrzt9ong,2019,rejszelde,153,Tumblr,text,,59,84,34,70.24%,2,57,Bejgli,E,,37,90,-16,41.11%,2,0,35,K√∂zmond√°s m√©mek,X,,,,,,,,,,,,,,,,,,,,
36,31,Stabil ribancok,https://www.tumblr.com/tumbliveleje/189772204754/instantfollow-icukadiktalok-instantfollow?source=share&_branch_match_id=link-1160322512127525949,2016,kommentelj,1572,Facebook,text,,125,275,-25,45.45%,1,32,Fotelthread,P,59,36,93,-21,38.71%,2,0,5,H√∫sleves,X,,,,,,,,,,,,,,,,,,,,
37,76,√ìra a Moszkv√°n,https://at.tumblr.com/tumbliveleje/towardingheadlight-edobebop-egyszavak/i0qx7eponzt6,2021,bolcseszgoblin,273775,Tumblr,text,,54,101,7,53.47%,2,75,C√≠mer a falon,F,,36,109,-37,33.03%,2,0,33,Actimel,X,,,,,,,,,,,,,,,,,,,,
38,73,Goran Bregovic,https://www.tumblr.com/eltiron2/662252174104985601/sanyiabagoly-nemzetierzelmu,2016,lampaernyo,1275,Tumblr,thread,,38,57,19,66.67%,1,74,Lesz√°ll√°s,H,,35,114,-44,30.70%,2,0,32,Fotelthread,X,,,,,,,,,,,,,,,,,,,,
39,78,Lem√°solt k√©pek,https://at.tumblr.com/tumbliveleje/bocsi-a-hossz%C3%BA-poszt%C3%A9rt-de-r%C3%A9g-l%C3%A1ttam-ennyire/0nxicxgh04wm,2016,katacha,335,Tumblr,text,,60,113,7,53.10%,2,77,EXIF miz√©ria,E,,34,94,-26,36.17%,2,0,43,Tankcsapda m√©mek,X,,,,,,,,,,,,,,,,,,,,
40,63,Kr√©mespin√°t,https://at.tumblr.com/tumbliveleje/708278269363027968/mibda1vudvct,2023,rizses-lecso,311,Tumblr,thread,,49,88,10,55.68%,1,64,Kedvenc vicceim,G,,34,97,-29,35.05%,2,0,66,Belekakkantottak,X,,,,,,,,,,,,,,,,,,,,
41,17,Perszon√°l kontent,https://www.tumblr.com/tumbliveleje/188030970309/deadheadingcrew-0rgazmus-menta-lime?source=share&_branch_match_id=link-1160323326522951071,2015,fancsalificsurno,266,Tumblr,text,,54,84,24,64.29%,1,18,P√∂tyi,F,,32,97,-33,32.99%,2,0,13,40 ezret,X,,,,,,,,,,,,,,,,,,,,
42,51,Sikermell√©ny,https://at.tumblr.com/tumbliveleje/688398920623308800/dzhhdxyoydul,2021,deadmanride,393,Tumblr,thread,,60,93,27,64.52%,1,52,Jegva √ìt√°yt,E,,32,150,-86,21.33%,2,0,39,Kisj√≥sz√°g,X,,,,,,,,,,,,,,,,,,,,
43,50,Orsz√°gszlogen,https://at.tumblr.com/tumbliveleje/elkezdt%C3%BCnk-gondolkozni-mi-lehetne-az-orsz%C3%A1g/nrmrb9qq4ufd,2022,sztivan,393,Tumblr,thread,,52,78,26,66.67%,2,49,Banki √ºgyint√©z√©s,F,,26,69,-17,37.68%,2,0,47,90-es √©vek vid√©k,X,,,,,,,,,,,,,,,,,,,,
44,67,F√∂ldh√∂zbaszott torta,https://www.tumblr.com/sunyisarkirokakepu/139365085828/ha-nem-most-t%C3%B6rt%C3%A9nt-volna-meg-velem-akkor-nem,2016,sunyisarkirokakepu,404,Tumblr,text,,49,75,23,65.33%,1,68,Valentino vs Toms,G,,26,126,-74,20.63%,2,2,11,Faszf√ºty√ºr≈±,X,,,,,,,,,,,,,,,,,,,,
45,56,Mosogat√≥g√©p,https://at.tumblr.com/tumbliveleje/hossz%C3%BA-t%C3%B6rt%C3%A9net-arr%C3%B3l-hogy-a-modern-technika/g55wunu8me0q,2015,malachiefconstant,164,Tumblr,text,,41,79,3,51.90%,2,55,Buttplugthread,H,,21,149,-107,14.09%,2,0,3,Zoli a p√≥k,X,,,,,,,,,,,,,,,,,,,,
46,19,Barilla a csomagtart√≥ban,https://www.tumblr.com/tumbliveleje/188040841019/petrany-ennyire-m%C3%A1r-r%C3%A9g-pakoltam-tele?source=share&_branch_match_id=link-1160323451529987258,2018,petrany,317,Tumblr,text,,47,90,4,52.22%,1,20,Kak√≥scsiga ev√©se,G,,19,105,-67,18.10%,2,1,21,IT k√°belez√©s,X,,,,,,,,,,,,,,,,,,,,
47,53,Konditermi t√≠pusok,https://at.tumblr.com/tumbliveleje/konditermi-t%C3%ADpusok/qo7qg9ep00mj,2018,bubikort,453,Tumblr,text,,52,89,15,58.43%,1,54,Lakoss√°gi Thread eredet,F,,15,121,-91,12.40%,2,0,71,Dinoszaurusz,X,,,,,,,,,,,,,,,,,,,,
48,70,P√©nzcsipesz,https://www.tumblr.com/kacsanova/186676396961/instantfollow-paeoniaalba-egyszavak,2019,turisz,358,Tumblr,thread,,30,58,2,51.72%,2,69,Pina az id≈ë,H,,5,120,-110,4.17%,2,0,41,Tinky Winky,X,,,,,,,,,,,,,,,,,,,,
49,65,Palacsintafityma,https://www.tumblr.com/orulunkvincent/709408798677368832/m%C3%A1jkr%C3%A9mes-palacsint%C3%A1r%C3%B3l-m%C3%A9g-nem-hallottam-h%C3%A1l,2023,tenykozleseim,316,Tumblr,thread,,57,157,-43,36.31%,1,66,Belekakkantottak,R,24,,,,,,,,,,,,,,,,,,,,,,,,,,,,,
50,2,R√≥kafarok,https://www.tumblr.com/tumbliveleje/187979364039/%C3%BCzenet?source=share&_branch_match_id=link-1160216802836350172,2015,amugydori,324,Tumblr,text,,54,177,-69,30.51%,2,1,Cingi a gekk√≥,R,22,,,,,,,,,,,,,,,,,,,,,,,,,,,,,
51,27,Norm√°lis polg√°ri l√°ny,https://www.tumblr.com/tumbliveleje/188903446514/be%C3%A1ll%C3%ADtotta-a-emojit-a-chat-emojinak?source=share&_branch_match_id=link-1160322146916894674,2019,teaszunet,572,Tumblr,text,,64,154,-26,41.56%,1,28,Lovas sz√≠nh√°z,R,14,,,,,,,,,,,,,,,,,,,,,,,,,,,,,
52,80,R√°kos lettem a threadt≈ël,https://www.tumblr.com/joe-a-nevem/145347487067/gyere-induljunk-s%C3%B6t%C3%A9tben-fogd-a-kezem-sz%C3%ADvjunk,2016,minta-kiontottviz,4535,Tumblr,thread,,33,67,-1,49.25%,2,79,Sk√≥ci√°ban m√°szni,R,11,,,,,,,,,,,,,,,,,,,,,,,,,,,,,
53,69,Pina az id≈ë,https://tumblr.sztupy.hu/post/171838966281/%C3%ADrd-le-hogy-mennyi-az-id%C5%91-%C3%A9s-hogy-mi-j%C3%A1r-a,2015,seholsemmi456,11902,Tumblr,thread,,28,58,-2,48.28%,1,70,P√©nzcsipesz,R,9,,,,,,,,,,,,,,,,,,,,,,,,,,,,,
54,55,Buttplugthread,https://at.tumblr.com/tumbliveleje/venn%C3%A9k-neked-buttplug-ot-kar%C3%A1csonyra/9nd751w817v8,2022,kockalany,92,Tumblr,text,,38,79,-3,48.10%,1,56,Mosogat√≥g√©p,R,8,,,,,,,,,,,,,,,,,,,,,,,,,,,,,
55,77,EXIF miz√©ria,https://tumblr.sztupy.hu/post/156212322041/vaczkor-sztupy-praesensperfectum,2017,sztupy,103,Tumblr,text,,53,113,-7,46.90%,1,78,Lem√°solt k√©pek,R,5,,,,,,,,,,,,,,,,,,,,,,,,,,,,,
56,20,Kak√≥scsiga ev√©se,https://www.tumblr.com/tumbliveleje/188275034374/hogyan-essz%C3%BCk-a-kaka%C3%B3scsig%C3%A1t?source=share&_branch_match_id=link-1160323778819917564,2014,wi1ika,335,Tumblr,text,,43,90,-4,47.78%,2,19,Barilla a csomagtart√≥ban,R,4,,,,,,,,,,,,,,,,,,,,,,,,,,,,,
57,30,1000 n√≥t,https://www.tumblr.com/tumbliveleje/189666274574/t%C3%A9nyleg-szexi-a-hangod-%C3%A9n-meghallgatn%C3%A1m-azt-is?source=share&_branch_match_id=link-1160322437573772468,2019,tulelunkmindenttibcsi,1078,Tumblr,thread,,54,122,-14,44.26%,2,29,Mozambik,X,,,,,,,,,,,,,,,,,,,,,,,,,,,,,,
58,15,Lush,https://www.tumblr.com/tumbliveleje/187981504734/csakamulokbamulok-constantinecontemplative?source=share&_branch_match_id=link-1160323258369705397,2015,remyhadley,131,Tumblr,text,,50,195,-95,25.64%,1,16,Kiszel T√ºnde napt√°r,X,,,,,,,,,,,,,,,,,,,,,,,,,,,,,,
59,42,Szud√°ni roncs,https://at.tumblr.com/tumbliveleje/markoferko-markoferko-markoferko/h4yhd4ifr77e,2017,markoferko,399,Tumblr,text,,48,184,-88,26.09%,2,41,Tinky Winky,X,,,,,,,,,,,,,,,,,,,,,,,,,,,,,,
60,75,C√≠mer a falon,https://lilaflexninja.tumblr.com/post/662566183228391424/ha-nem-vicc-volt-az-eg%C3%A9sz-akkor-%C3%A9n-megpr%C3%B3b%C3%A1lom,2021,cseszlovak/karikasostor,908,Tumblr,text,,47,101,-7,46.53%,1,76,√ìra a Moszkv√°n,X,,,,,,,,,,,,,,,,,,,,,,,,,,,,,,
61,62,Ayahusacaf≈ëzel√©k,https://at.tumblr.com/tumbliveleje/707985686706421760/41f1zyxm5xcm,2023,prajmi/mstrssbaroness,101,Tumblr,text,,42,95,-11,44.21%,2,61,Te gep√°rd,X,,,,,,,,,,,,,,,,,,,,,,,,,,,,,,
62,22,Biztos retrothread,https://www.tumblr.com/tumbliveleje/188492191064/biztos?source=share&_branch_match_id=link-1160323894146500256,2016,remetekan,2182,Tumblr,thread,,41,133,-51,30.83%,2,21,IT k√°belez√©s,X,,,,,,,,,,,,,,,,,,,,,,,,,,,,,,
63,64,Kedvenc vicceim,https://mersekeltencsodalatos.tumblr.com/post/188854970098/mai-napig-a-kedvenc-viccem,2017,szazasertapaprikat,8044,Tumblr,thread,,39,88,-10,44.32%,2,63,Kr√©mespin√°t,X,,,,,,,,,,,,,,,,,,,,,,,,,,,,,,
64,54,Lakoss√°gi Thread eredet,https://tumblr.sztupy.hu/post/181765321281/mikor-sz%C3%BCletett-a-lakoss%C3%A1gi-thread-kifejez%C3%A9s,2014,szukits-magda,139,Tumblr,text,,37,89,-15,41.57%,2,53,Konditermi t√≠pusok,X,,,,,,,,,,,,,,,,,,,,,,,,,,,,,,
65,52,Jegva √ìt√°yt,https://at.tumblr.com/tumbliveleje/archivemedes-orulunkvincent/r85wuve3c884,2022,elizabethbennettdehivjlizzynek,242,Tumblr,text,,33,93,-27,35.48%,2,51,Sikermell√©ny,X,,,,,,,,,,,,,,,,,,,,,,,,,,,,,,
66,40,Rekl√°melhelyez√©s,https://at.tumblr.com/tumbliveleje/ok-neee-j%C3%A9zusom-d-d-d-ddd-egyre-jobb-%C3%A9s/693juhlv93t4,2020,verifakingjuzful,549,Tumblr,thread,,32,105,-41,30.48%,2,39,Kisj√≥sz√°g,X,,,,,,,,,,,,,,,,,,,,,,,,,,,,,,
67,26,Cicanevek,https://www.tumblr.com/tumbliveleje/188900052339/itt-is-megfuttatom-sz%C3%B3val-lett-k%C3%A9t-ilyen-kis?source=share&_branch_match_id=link-1160321678371194825,2019,paflany,303,Tumblr,thread,,32,125,-61,25.60%,2,25,56-os n≈ëk,X,,,,,,,,,,,,,,,,,,,,,,,,,,,,,,
68,46,Filmc√≠mek,https://at.tumblr.com/tumbliveleje/647216781973405696/d23r6f2eyekz,2021,remetekan,146,Tumblr,thread,,31,88,-26,35.23%,2,45,H√ºlyen√©vthread,X,,,,,,,,,,,,,,,,,,,,,,,,,,,,,,
69,36,We love Budapest cikk,https://at.tumblr.com/tumbliveleje/egy-fikt%C3%ADv-welovebudapest-cikk-by-me/0qhr1464gpmn,2018,99123785,376,Tumblr,text,,31,100,-38,31.00%,2,35,K√∂zmond√°s m√©mek,X,,,,,,,,,,,,,,,,,,,,,,,,,,,,,,
70,48,Balekosz,https://at.tumblr.com/tumbliveleje/balekosz-fekete-d%C3%A1k%C3%B3-terry-blank-mang%C3%B3/937v7mnb4ieo,2021,tenykozleseim,197,Tumblr,thread,,31,109,-47,28.44%,2,47,90-es √©vek vid√©k,X,,,,,,,,,,,,,,,,,,,,,,,,,,,,,,
71,4,P√∂rk√∂ltzab√°l√≥ nyanya,https://www.tumblr.com/tumbliveleje/187980246624/arcom-amikor-az-els%C5%91oszt%C3%A1ly%C3%BA-kocsiban-sem-siker%C3%BCl?source=share&_branch_match_id=link-1160217504497272163,2017,senkisemtudjahogyan,308,Tumblr,text,,31,186,-124,16.67%,2,3,Zoli a p√≥k,X,,,,,,,,,,,,,,,,,,,,,,,,,,,,,,
72,81,Z√°mb√≥ Jimmy eml√©khonlap,https://at.tumblr.com/tumbliveleje/meg-van-baszva-a-d%C3%A9lut%C3%A1nom/13ztozxo3bow,2018,ciganyolga,598,Tumblr,text,,30,71,-11,42.25%,1,82,Kurwa Union,X,,,,,,,,,,,,,,,,,,,,,,,,,,,,,,
73,18,P√∂tyi,https://www.tumblr.com/tumbliveleje/188236266209/v%C3%A9letlen%C3%BCl-seggbedugtam-a-csajomat?source=share&_branch_match_id=link-1160323678588634642,2017,fanokvagyunk,189,Tumblr,text,,30,84,-24,35.71%,2,17,Perszon√°l kontent,X,,,,,,,,,,,,,,,,,,,,,,,,,,,,,,
74,85,Weiler P√©ter,https://at.tumblr.com/tumbliveleje/instantfollow-pappito-foketusz/zo7ch1vpqt2a,2015,klaarg,592,Tumblr,thread,,27,75,-21,36.00%,1,86,R√°l√©pett egy migr√°ns,X,,,,,,,,,,,,,,,,,,,,,,,,,,,,,,
75,68,Valentino vs Toms,https://www.tumblr.com/tryagain/135907029744/legnagyobb-kar%C3%A1csonyi-prank,2015,jourjean,249,Tumblr,text,,26,75,-23,34.67%,2,67,F√∂ldh√∂zbaszott torta,X,,,,,,,,,,,,,,,,,,,,,,,,,,,,,,
76,49,Banki √ºgyint√©z√©s,https://at.tumblr.com/tumbliveleje/656587179427004416/w5hn8jj262fe,2021,udv-wilson,172,Tumblr,text,,26,78,-26,33.33%,1,50,Orsz√°gszlogen,X,,,,,,,,,,,,,,,,,,,,,,,,,,,,,,
77,14,Majdnem belefulladtam,https://www.tumblr.com/tumbliveleje/188500532304/b-majdnem-belefulladtam-a-dun%C3%A1ba?source=share&_branch_match_id=link-1160323943622510125,2017,fanokvagyunk,149,Tumblr,text,,26,115,-63,22.61%,2,13,40 ezret,X,,,,,,,,,,,,,,,,,,,,,,,,,,,,,,
78,89,Tonhalk√©p≈± cimbalmosbuzi,https://markoferko.tumblr.com/post/157918002002/a-tonhalk%C3%A9p%C5%B1-cimbalmosbuzi-egyetlen-keres%C3%A9si/amp,2017,markoferko,221,Tumblr,text,,25,79,-29,31.65%,1,90,Esk√ºv≈ë,X,,,,,,,,,,,,,,,,,,,,,,,,,,,,,,
79,57,Bejgli,https://at.tumblr.com/tumbliveleje/makos-meleg-tejjel-es-amig-utantoltom-a-tejet/a9mrzmswrvtg,2022,gregpostok,209,Tumblr,thread,,25,84,-34,29.76%,1,58,Seggszombat,X,,,,,,,,,,,,,,,,,,,,,,,,,,,,,,
80,6,Megyematrica,https://www.tumblr.com/tumbliveleje/188040361114/v%C3%A9ge-lehet-a-sztr%C3%A1damatric%C3%A1nak?source=share&_branch_match_id=link-1160218325880408004,2017,hofista/viteez,108,Tumblr,text,,25,153,-103,16.34%,2,5,H√∫sleves,X,,,,,,,,,,,,,,,,,,,,,,,,,,,,,,
81,44,Pure Fucking Marketing,https://at.tumblr.com/tumbliveleje/pure-fucking-marketing/r2stplocn7c8,2017,elefanii,258,Tumblr,text,,24,96,-48,25.00%,2,43,Tankcsapda m√©mek,X,,,,,,,,,,,,,,,,,,,,,,,,,,,,,,
82,91,Ingatlankeres√©s,https://wilika.net/post/167550382212/sz%C3%B3val-amit-nagyon-ut%C3%A1ltam-lak%C3%A1sh%C3%A1zkeres%C3%A9skor,2017,wi1ika,208,Tumblr,text,,23,64,-18,35.94%,1,92,Tumbli gr√°f,X,,,,,,,,,,,,,,,,,,,,,,,,,,,,,,
83,88,K√ºldj k√©pet,https://at.tumblr.com/tumbliveleje/711225057111851008/fyso37yf85nq,2023,viking84chef,601,Facebook,text,,22,76,-32,28.95%,2,87,Kakithread,X,,,,,,,,,,,,,,,,,,,,,,,,,,,,,,
84,38,Covid vers,https://at.tumblr.com/tumbliveleje/indulj-el-egy-%C3%BAton-%C3%A9n-is-egy-m%C3%A1sikon-hol/0mnqbcyxsdi6,2020,intimrape,352,Tumblr,thread,,21,99,-57,21.21%,2,37,Kossuth utc√°k,X,,,,,,,,,,,,,,,,,,,,,,,,,,,,,,
85,59,Ap√°tok fasz√°t,https://at.tumblr.com/tumbliveleje/705260778652090368/csmti2qyud4m,2023,killer-blue,231,Tumblr,thread,,20,81,-41,24.69%,1,60,Kakis bikini,X,,,,,,,,,,,,,,,,,,,,,,,,,,,,,,
86,34,Egyr√©szt a kurva any√°dat,https://at.tumblr.com/tumbliveleje/greenteaforbreakfast-malachiefconstant/3w73a129a2b2,2020,the-evil-dad,288,Tumblr,text,,20,106,-66,18.87%,2,33,Actimel,X,,,,,,,,,,,,,,,,,,,,,,,,,,,,,,
87,74,Lesz√°ll√°s,https://at.tumblr.com/tumbliveleje/709802674540953600/g1whu6sigrmr,2023,rizses-lecso,117,Tumblr,text,,19,57,-19,33.33%,2,73,Goran Bregovic,X,,,,,,,,,,,,,,,,,,,,,,,,,,,,,,
88,83,Benei traktoron,https://www.tumblr.com/hofstatterbela/41011141991/az-az-ember-akinek-van-egy-traktorja-m%C3%A1r-nem-hal,2012,beneipeter/spamdog,18,Tumblr,text,,18,80,-44,22.50%,1,84,Posts reaching Hunbli,X,,,,,,,,,,,,,,,,,,,,,,,,,,,,,,
89,24,Bring√°t flexszel,https://www.tumblr.com/tumbliveleje/188236290339/bring%C3%A1t-flexszel-true-black-friday?source=share&_branch_match_id=link-1160323727137703185,2016,fanokvagyunk,128,Tumblr,text,,18,92,-56,19.57%,2,23,V√°god faszim biztos nem,X,,,,,,,,,,,,,,,,,,,,,,,,,,,,,,
90,10,Picsaf√ºst,https://www.tumblr.com/tumbliveleje/187979953859?source=share&_branch_match_id=link-1160323024495314528,2019,rejszelde,284,Tumblr,text,,18,109,-73,16.51%,2,9,Zoli boh√≥c,X,,,,,,,,,,,,,,,,,,,,,,,,,,,,,,
91,12,Popcorn,https://www.tumblr.com/tumbliveleje/188431524099/arcom-amikor-siker%C3%BCl-t%C3%B6k%C3%A9letesen-kipattogtatni-a?source=share&_branch_match_id=link-1160323813792023731,2019,kozmodiszk/nandras,152,Tumblr,text,,18,119,-83,15.13%,2,11,Faszf√ºty√ºr≈±,X,,,,,,,,,,,,,,,,,,,,,,,,,,,,,,
92,72,P√©nzkutya,https://erkolcstelenhajlam.tumblr.com/post/183564699207,2016,szazasertapaprikat,1904880,Tumblr,thread,,4,78,-70,5.13%,2,71,Dinoszaurusz,X,,,,,,,,,,,,,,,,,,,,,,,,,,,,,,